{
  "{\"long_frac\": 0.3, \"short_frac\": 0.3}": -0.0287316583074444,
  "{\"long_frac\": 0.2, \"short_frac\": 0.2}": -0.029653308998685388,
  "{\"long_frac\": 0.4, \"short_frac\": 0.4}": -0.035531561952090084,
  "{\"long_frac\": 0.3, \"short_frac\": 0.0}": -0.025573095984691496
}