{
  "{\"k\": 2, \"lookback\": 63}": -0.022137468271102058,
  "{\"k\": 2, \"lookback\": 21}": -0.005962716014066589,
  "{\"k\": 2, \"lookback\": 126}": -0.007677085164853596,
  "{\"k\": 1, \"lookback\": 63}": -0.019577934586298584,
  "{\"k\": 3, \"lookback\": 63}": -0.01756119076047431
}